nstook0@archive.org,United States,South Carolina,Charleston,9367 Westerfield Park
tbarczewski1@netlog.com,United States,Washington,Seattle,4 La Follette Avenue
shandrok2@e-recht24.de,United States,South Dakota,Sioux Falls,3350 Rigney Terrace
fworg3@paypal.com,United States,Georgia,Columbus,12114 John Wall Pass
cpiser4@slashdot.org,United States,Florida,Gainesville,6220 Roxbury Court
mgettings5@instagram.com,United States,District of Columbia,Washington,1 Sachs Way
zlaughrey6@usgs.gov,United States,Florida,Lehigh Acres,35 Kenwood Hill
cberesford7@plala.or.jp,United States,Georgia,Atlanta,6 Weeping Birch Place
sbramsom8@php.net,United States,New York,New York City,94789 Muir Avenue
cburges9@feedburner.com,United States,District of Columbia,Washington,7157 Trailsway Alley
kiacobaccia@ucsd.edu,United States,Ohio,Cincinnati,9289 Shelley Drive
omacneilageb@miitbeian.gov.cn,United States,California,Los Angeles,942 Lakewood Gardens Avenue
hrivelesc@google.com.hk,United States,Oregon,Salem,60416 Main Drive
ctocherd@google.com,United States,Ohio,Cleveland,2 Morningstar Center
osplaine@elpais.com,United States,Colorado,Denver,1 Rockefeller Court
khanhamf@fema.gov,United States,Washington,Seattle,5088 Thompson Junction
vnettlesg@businessinsider.com,United States,Colorado,Denver,21755 David Alley
brabath@timesonline.co.uk,United States,Virginia,Roanoke,9370 Brentwood Pass
acerithi@comcast.net,United States,Texas,El Paso,8310 Evergreen Avenue
prebouletj@spotify.com,United States,New York,New York City,539 Duke Hill
maleswellk@newyorker.com,United States,South Dakota,Sioux Falls,20 Fordem Place
ekohenl@last.fm,United States,Washington,Seattle,2093 East Point
chardakerm@lycos.com,United States,North Carolina,Gastonia,95 Reinke Avenue
cminshawn@thetimes.co.uk,United States,Michigan,Kalamazoo,8 Linden Crossing
bpearceyo@tiny.cc,United States,New Mexico,Albuquerque,8 Portage Way
dwillmottp@msn.com,United States,California,Petaluma,3658 Warner Circle
broddaq@comcast.net,United States,Ohio,Toledo,6075 Hovde Crossing
mrothamr@scribd.com,United States,California,Sacramento,827 8th Lane
jashtons@pcworld.com,United States,New York,Rochester,2 Jenifer Park
amorsont@usnews.com,United States,Tennessee,Memphis,9 Pleasure Avenue
dgilmanu@hud.gov,United States,Georgia,Lawrenceville,59 Miller Pass
gplessingv@illinois.edu,United States,Georgia,Atlanta,03838 Rusk Lane
jspringfordw@storify.com,United States,Indiana,Lafayette,88 Michigan Plaza
tshakesbyx@go.com,United States,Missouri,Saint Louis,9 Green Parkway
wtillertony@facebook.com,United States,Illinois,Rockford,8 Eagle Crest Hill
fcholoninz@phoca.cz,United States,Nevada,Henderson,503 Golf Drive
aferreo10@who.int,United States,New York,New York City,560 Magdeline Circle
mwadsworth11@washington.edu,United States,Texas,El Paso,0587 Jenna Point
mvalentin12@japanpost.jp,United States,California,San Diego,77484 Sullivan Junction
wmorkham13@4shared.com,United States,Oklahoma,Oklahoma City,10566 Rieder Park
abaldack14@163.com,United States,New Jersey,Newark,07966 Mcguire Trail
whiscoke15@studiopress.com,United States,Georgia,Columbus,5088 Forest Dale Circle
araithmill16@gizmodo.com,United States,Pennsylvania,Philadelphia,03621 Jenifer Crossing
aohannigan17@squarespace.com,United States,Missouri,Saint Louis,446 Waxwing Junction
sezzell18@amazonaws.com,United States,California,San Diego,4 Debs Terrace
cwholesworth19@clickbank.net,United States,Pennsylvania,Philadelphia,9439 Gina Center
gwoodson1a@cdbaby.com,United States,Vermont,Montpelier,7512 Fairfield Road
csatchell1b@naver.com,United States,Texas,Dallas,71308 Hanover Center
wbabonau1c@mlb.com,United States,Georgia,Gainesville,7 Eastlawn Road
lgrubey1d@skype.com,United States,Ohio,Toledo,1260 Dovetail Court
rbrastead1e@sciencedirect.com,United States,Arizona,Phoenix,071 Sycamore Way
alefort1f@epa.gov,United States,Georgia,Marietta,7990 Bluejay Street
ekilpin1g@lulu.com,United States,Oregon,Beaverton,9658 Arrowood Plaza
mjanikowski1h@ehow.com,United States,California,Pasadena,95090 Coolidge Junction
arikkard1i@foxnews.com,United States,Michigan,Flint,13 Londonderry Point
dcadwell1j@de.vu,United States,Utah,Ogden,25504 Grim Road
eyarrow1k@skyrock.com,United States,Texas,Houston,902 Crest Line Alley
myellowlees1l@infoseek.co.jp,United States,New York,Buffalo,0 Ohio Trail
mevreux1m@parallels.com,United States,New York,Brooklyn,39 Oneill Park
lyarnell1n@theatlantic.com,United States,Virginia,Alexandria,173 Commercial Center
creape1o@bluehost.com,United States,Illinois,Chicago,68548 Hoffman Plaza
cfoad1p@nationalgeographic.com,United States,Oregon,Portland,5 Orin Terrace
gbartunek1q@chron.com,United States,Virginia,Charlottesville,9 Namekagon Crossing
jhayne1r@answers.com,United States,West Virginia,Huntington,16 Dwight Junction
amussilli1s@t-online.de,United States,District of Columbia,Washington,9 Porter Trail
hoxberry1t@ed.gov,United States,Nebraska,Lincoln,2 Express Avenue
dtipler1u@time.com,United States,New York,Syracuse,87 Clove Plaza
lleavesley1v@typepad.com,United States,Hawaii,Honolulu,4 Moose Alley
keggerton1w@smh.com.au,United States,Kentucky,Lexington,421 Crest Line Terrace
aaglione1x@edublogs.org,United States,Tennessee,Memphis,6528 Old Shore Alley
fmazzeo1y@nbcnews.com,United States,Connecticut,Waterbury,12 Namekagon Park
tblacklidge1z@senate.gov,United States,Indiana,Evansville,24937 Merry Trail
nbass20@cisco.com,United States,Ohio,Lima,9 Swallow Point
bgatherer21@amazon.co.uk,United States,Alabama,Birmingham,6 Longview Court
hfeldhammer22@networksolutions.com,United States,Washington,Olympia,6 Blue Bill Park Drive
jphalp23@prlog.org,United States,New York,Albany,2165 Mandrake Place
etaber24@miibeian.gov.cn,United States,West Virginia,Charleston,9297 7th Avenue
lsambells25@photobucket.com,United States,New York,Buffalo,621 Elmside Road
gdassindale26@wired.com,United States,Georgia,Columbus,3 Roxbury Crossing
mcammacke27@oakley.com,United States,Georgia,Gainesville,9 Mendota Avenue
fgutherson28@theatlantic.com,United States,Tennessee,Memphis,8 Crowley Crossing
parnaez29@mac.com,United States,Missouri,Saint Louis,77 Arkansas Terrace
adicks2a@domainmarket.com,United States,New York,Brooklyn,64388 Lighthouse Bay Drive
dacland2b@examiner.com,United States,Texas,El Paso,266 Canary Pass
rmarques2c@bbc.co.uk,United States,Alaska,Fairbanks,30 Gerald Parkway
eperrone2d@smh.com.au,United States,South Carolina,Columbia,85014 Mcguire Way
cscinelli2e@newyorker.com,United States,California,Torrance,9 Bashford Crossing
ahaddock2f@auda.org.au,United States,California,Fresno,8514 Wayridge Junction
btregiddo2g@tuttocitta.it,United States,California,Los Angeles,44 American Terrace
aheadey2h@census.gov,United States,Florida,Miami,83514 5th Drive
rmckeating2i@reverbnation.com,United States,California,Los Angeles,05184 Shoshone Avenue
calhirsi2j@oaic.gov.au,United States,Washington,Tacoma,39 Bellgrove Street
dpetruskevich2k@microsoft.com,United States,New York,New York City,24 Summer Ridge Pass
rmulvin2l@tinyurl.com,United States,Missouri,Springfield,744 Mendota Terrace
rmayger2m@nps.gov,United States,New York,New York City,09 Charing Cross Parkway
ntellenbroker2n@twitter.com,United States,Texas,Houston,762 West Plaza
wfrere2o@weebly.com,United States,Virginia,Fairfax,331 International Road
rgoadby2p@networksolutions.com,United States,Florida,Palm Bay,4 Oriole Crossing
kpiscopo2q@1688.com,United States,Indiana,Fort Wayne,649 Fulton Way
kricards2r@sfgate.com,United States,Nevada,Carson City,37 Porter Center
ajeandot2s@barnesandnoble.com,United States,Georgia,Atlanta,19404 Shoshone Court
lphebee2t@webs.com,United States,North Carolina,Charlotte,3 Fulton Alley
bfeldstern2u@yale.edu,United States,Texas,Austin,3587 Monterey Way
croisen2v@dagondesign.com,United States,Texas,Corpus Christi,16 High Crossing Terrace
gjonuzi2w@naver.com,United States,Kansas,Shawnee Mission,066 Division Parkway
hstroud2x@uiuc.edu,United States,Iowa,Des Moines,6040 Carioca Hill
dsavery2y@topsy.com,United States,Delaware,Newark,0397 Loeprich Terrace
amalling2z@symantec.com,United States,Colorado,Pueblo,13526 Fisk Pass
dvanderhoven30@over-blog.com,United States,Utah,Salt Lake City,2564 Menomonie Plaza
omaccawley31@furl.net,United States,Hawaii,Honolulu,90417 Springs Parkway
hbiaggioni32@mlb.com,United States,California,Fresno,492 Bay Drive
jfassmann33@auda.org.au,United States,Indiana,Fort Wayne,3434 Weeping Birch Terrace
jwoofendell34@cyberchimps.com,United States,California,Sacramento,29195 Pawling Place
ailyas35@dmoz.org,United States,California,Orange,174 Straubel Way
aklulisek36@opera.com,United States,Tennessee,Jackson,107 La Follette Street
hdmtrovic37@fastcompany.com,United States,Texas,San Antonio,07 Schiller Parkway
deastment38@artisteer.com,United States,Colorado,Denver,03979 Veith Circle
kpockey39@de.vu,United States,Ohio,Columbus,33595 Thackeray Park
mholson3a@tiny.cc,United States,Colorado,Boulder,06790 Thompson Circle
oblessed3b@twitter.com,United States,Florida,Jacksonville,153 Drewry Alley
ahallgate3c@examiner.com,United States,Kentucky,Louisville,7 Dexter Circle
khovington3d@squidoo.com,United States,California,Santa Cruz,33981 Arkansas Center
nagostini3e@soundcloud.com,United States,Texas,Lubbock,857 Mariners Cove Road
sjaycock3f@example.com,United States,Minnesota,Saint Paul,98 Blaine Pass
wvogeler3g@auda.org.au,United States,Florida,Tampa,98 Artisan Hill
creadings3h@mayoclinic.com,United States,New York,New York City,1222 Blackbird Hill
klord3i@tiny.cc,United States,Georgia,Macon,62853 Haas Road
eelwood3j@dmoz.org,United States,Florida,Naples,537 Debs Trail
ckuban3k@nhs.uk,United States,Georgia,Alpharetta,9 Loomis Court
mkuschke3l@latimes.com,United States,Georgia,Savannah,23 Marcy Alley
mpembry3m@nymag.com,United States,Utah,Ogden,35 Eagan Plaza
cperschke3n@amazonaws.com,United States,Oklahoma,Oklahoma City,741 Boyd Crossing
dkiss3o@indiegogo.com,United States,Minnesota,Loretto,6483 Stephen Parkway
eiglesias3p@meetup.com,United States,Arizona,Prescott,12109 Red Cloud Lane
edaynter3q@samsung.com,United States,Massachusetts,Woburn,415 Fremont Crossing
dmoulson3r@ebay.co.uk,United States,Mississippi,Columbus,386 Harper Junction
kfoynes3s@behance.net,United States,Oregon,Salem,639 Hanover Plaza
gcuningham3t@ted.com,United States,Ohio,Cincinnati,18 Lillian Center
wburgisi3u@pinterest.com,United States,Texas,Austin,5 Anthes Crossing
djarred3v@tinyurl.com,United States,Texas,Fort Worth,25954 Forest Dale Park
rmorfell3w@salon.com,United States,Missouri,Kansas City,0 Lukken Trail
kgoodlad3x@phoca.cz,United States,Oregon,Portland,256 Waubesa Alley
pgerbel3y@opensource.org,United States,Louisiana,Lafayette,1186 Canary Center
hantcliff3z@is.gd,United States,New York,Buffalo,68829 Lawn Way
drupp40@dropbox.com,United States,California,Los Angeles,12383 Maple Wood Plaza
ivickars41@360.cn,United States,Montana,Missoula,269 Spenser Hill
thurdle42@cam.ac.uk,United States,Pennsylvania,Johnstown,7284 Dayton Trail
ppyke43@answers.com,United States,Colorado,Colorado Springs,014 Kensington Plaza
lpont44@blogs.com,United States,New York,New York City,30 Alpine Place
hwickins45@amazon.de,United States,New York,New York City,5209 Maywood Lane
mgarrard46@bloomberg.com,United States,New York,Staten Island,033 Union Plaza
mparrot47@eventbrite.com,United States,California,San Diego,5646 Bartillon Way
smaleck48@bloglines.com,United States,Virginia,Reston,61604 Schurz Terrace
ccastiglio49@alibaba.com,United States,New York,Buffalo,2541 Mifflin Pass
itomaselli4a@mac.com,United States,California,San Diego,04828 Logan Avenue
tmccully4b@tripod.com,United States,Nebraska,Lincoln,348 La Follette Parkway
ksurphliss4c@zimbio.com,United States,North Carolina,Charlotte,62318 Oakridge Street
rmatthews4d@ustream.tv,United States,Florida,Clearwater,800 Knutson Lane
dlaybourn4e@webeden.co.uk,United States,Oklahoma,Oklahoma City,6436 Anthes Point
pkew4f@bloomberg.com,United States,Florida,Delray Beach,45 Morrow Way
lcowx4g@usatoday.com,United States,New York,New York City,80006 Briar Crest Pass
rsigart4h@symantec.com,United States,Tennessee,Chattanooga,89518 Parkside Place
jmeekin4i@prlog.org,United States,Massachusetts,Watertown,1 Northland Circle
djeffcoat4j@sun.com,United States,New Jersey,Newark,97370 Talmadge Pass
dkeatley4k@1und1.de,United States,South Carolina,Florence,266 Fisk Circle
jvasenkov4l@wufoo.com,United States,California,Oakland,74 Sloan Drive
bmacinerney4m@ifeng.com,United States,Georgia,Savannah,7 Talmadge Plaza
nsawdy4n@sphinn.com,United States,District of Columbia,Washington,67 Roth Avenue
tcoverley4o@drupal.org,United States,Texas,El Paso,58 Village Lane
efawson4p@ox.ac.uk,United States,California,Santa Rosa,2095 Duke Road
lboyton4q@bing.com,United States,Connecticut,Bridgeport,4780 Del Mar Parkway
nhargerie4r@slashdot.org,United States,Texas,Tyler,507 Rowland Way
rvacher4s@fc2.com,United States,Pennsylvania,Pittsburgh,149 Toban Crossing
jbailes4t@photobucket.com,United States,Colorado,Denver,26 Menomonie Alley
hbiaggetti4u@miitbeian.gov.cn,United States,Minnesota,Minneapolis,813 Twin Pines Way
apeche4v@nationalgeographic.com,United States,Oklahoma,Oklahoma City,608 Fordem Place
elefwich4w@jimdo.com,United States,Nevada,Las Vegas,20 Cascade Way
gjunkison4x@hubpages.com,United States,Florida,Pensacola,6852 Lien Center
ecraiker4y@comcast.net,United States,Pennsylvania,Philadelphia,10069 Kingsford Terrace
hmcgee4z@ustream.tv,United States,Oregon,Portland,6786 Waywood Center
airnys50@issuu.com,United States,New York,New York City,6655 Old Gate Plaza
mmarham51@mapquest.com,United States,Delaware,Newark,841 Kennedy Crossing
lgrabiec52@huffingtonpost.com,United States,Florida,Naples,74517 Caliangt Pass
bmanketell53@t.co,United States,California,Modesto,06426 Debra Road
vpflieger54@theglobeandmail.com,United States,North Carolina,Charlotte,118 Sherman Way
ekienle55@nps.gov,United States,South Dakota,Sioux Falls,4632 Artisan Street
rdonaldson56@jigsy.com,United States,Virginia,Roanoke,91300 Loeprich Center
fquainton57@imdb.com,United States,Indiana,Indianapolis,8811 Jay Crossing
abiddulph58@about.me,United States,Louisiana,Shreveport,031 Brown Place
mjelks59@npr.org,United States,Colorado,Littleton,148 Duke Park
lmeates5a@google.ca,United States,Oregon,Portland,87 Walton Terrace
nmaccumiskey5b@amazonaws.com,United States,California,Long Beach,26376 Linden Crossing
nhaily5c@ezinearticles.com,United States,Minnesota,Minneapolis,9740 Armistice Avenue
wabramovitch5d@t.co,United States,Maryland,Baltimore,3589 Redwing Parkway
bjanouch5e@sakura.ne.jp,United States,Texas,Tyler,12114 Fordem Street
ejacobovitz5f@mit.edu,United States,California,Los Angeles,8 Elgar Lane
vdiaper5g@tinyurl.com,United States,Oklahoma,Tulsa,4367 Tennessee Crossing
fapperley5h@microsoft.com,United States,Ohio,Toledo,3 Lien Street
tkedge5i@goodreads.com,United States,Massachusetts,Boston,3 Thierer Avenue
epaireman5j@cbslocal.com,United States,Ohio,Youngstown,24377 Heffernan Lane
bomara5k@sitemeter.com,United States,Ohio,Cincinnati,4 Ruskin Junction
nbrogioni5l@bing.com,United States,Indiana,Evansville,7 Tennyson Lane
pjeacock5m@skype.com,United States,Texas,Dallas,8056 Laurel Alley
wkynton5n@clickbank.net,United States,Idaho,Idaho Falls,755 Shoshone Center
hdebernardi5o@chicagotribune.com,United States,Florida,Miami,6082 Southridge Point
nlavis5p@skype.com,United States,Florida,Tampa,1905 Carey Court
blitton5q@squidoo.com,United States,California,Hayward,051 Fairview Center
larrow5r@hibu.com,United States,Florida,Tampa,49834 3rd Way
lforsythe5s@gov.uk,United States,Texas,Abilene,82 Forest Circle
lguillotin5t@wikispaces.com,United States,California,Inglewood,59 Basil Crossing
mabella5u@edublogs.org,United States,California,Los Angeles,4589 Moland Place
twattins5v@cnet.com,United States,Indiana,Indianapolis,6 Mcbride Way
hthripp5w@tmall.com,United States,California,Inglewood,13180 Esker Pass
vorae5x@pen.io,United States,Missouri,Saint Louis,23244 Clove Lane
mblackmore5y@geocities.com,United States,Utah,Salt Lake City,9140 Namekagon Terrace
cmariner5z@dagondesign.com,United States,Connecticut,Norwalk,11997 Hagan Road
gglasspool60@artisteer.com,United States,California,Palo Alto,05065 Loftsgordon Place
kconfort61@twitpic.com,United States,New York,New York City,9 Melrose Plaza
toxbe62@t-online.de,United States,Alabama,Tuscaloosa,55 Sommers Pass
ffronsek63@ucoz.com,United States,New Mexico,Santa Fe,48540 Comanche Place
svlahos64@comsenz.com,United States,New Jersey,Trenton,40 Waywood Drive
ahablot65@vinaora.com,United States,Florida,Orlando,6 Kinsman Drive
ckilroy66@ameblo.jp,United States,Maryland,Baltimore,3 Blackbird Pass
dgatiss67@amazon.com,United States,Pennsylvania,Philadelphia,9314 Elgar Junction
laldwich68@feedburner.com,United States,Texas,Waco,21 Summerview Way
gbalharrie69@rakuten.co.jp,United States,Kansas,Wichita,846 Schlimgen Pass
cdevitt6a@jigsy.com,United States,New York,Brooklyn,5 Mockingbird Avenue
dcough6b@networksolutions.com,United States,Texas,Wichita Falls,282 Badeau Junction
jditty6c@mashable.com,United States,New York,New York City,238 Monica Crossing
lguyonnet6d@goo.ne.jp,United States,Virginia,Arlington,84 Village Crossing
dpope6e@yale.edu,United States,Illinois,Aurora,72 Roth Way
epetrichat6f@abc.net.au,United States,Florida,Lakeland,83408 Kennedy Plaza
agrief6g@seattletimes.com,United States,New York,White Plains,0 Forest Run Point
smurford6h@time.com,United States,Alabama,Birmingham,01 Katie Lane
jwalbridge6i@sina.com.cn,United States,Virginia,Richmond,6664 Transport Junction
dtumpane6j@mapquest.com,United States,Virginia,Hampton,2217 Vermont Drive
rbaggaley6k@nytimes.com,United States,Vermont,Montpelier,0 Oxford Plaza
owithey6l@spotify.com,United States,District of Columbia,Washington,5141 Warbler Park
rfarman6m@tripod.com,United States,Alabama,Birmingham,8100 West Point
bbutterfield6n@flickr.com,United States,New York,Brooklyn,8 Forest Run Center
hlyster6o@cmu.edu,United States,Virginia,Charlottesville,41 Mandrake Point
idungate6p@nba.com,United States,West Virginia,Huntington,3041 East Trail
rgerwood6q@privacy.gov.au,United States,Alabama,Montgomery,102 Bobwhite Parkway
eyuryichev6r@ihg.com,United States,North Carolina,Wilmington,612 Sunbrook Alley
kbugdell6s@weibo.com,United States,California,Sacramento,053 Katie Hill
hdeme6t@bbb.org,United States,Florida,Tampa,780 Steensland Park
vlongfellow6u@google.es,United States,District of Columbia,Washington,832 Marquette Park
stumasian6v@thetimes.co.uk,United States,New York,New York City,95 Mitchell Street
operes6w@redcross.org,United States,Colorado,Boulder,20624 Larry Crossing
wbrunstan6x@edublogs.org,United States,Georgia,Atlanta,8 Truax Center
gmomford6y@unesco.org,United States,Alabama,Birmingham,06 Montana Alley
ppfaff6z@facebook.com,United States,Florida,Orlando,4 Florence Plaza
vbeves70@si.edu,United States,North Carolina,Fayetteville,2806 Truax Place
gfidock71@flavors.me,United States,Tennessee,Nashville,609 Oak Park
fpaylie72@dropbox.com,United States,Louisiana,New Orleans,77 Little Fleur Terrace
oheathcote73@bbb.org,United States,Michigan,Lansing,28492 Gina Center
mwaddilove74@jugem.jp,United States,New York,Brooklyn,245 Hovde Avenue
cstuehmeyer75@nsw.gov.au,United States,Massachusetts,Brockton,48 Fairfield Road
tyard76@creativecommons.org,United States,Pennsylvania,Mc Keesport,8 Columbus Drive
vallender77@nytimes.com,United States,Missouri,Saint Louis,5 Merrick Trail
atitterton78@dedecms.com,United States,Missouri,Saint Louis,69 High Crossing Way
braysdale79@indiegogo.com,United States,Florida,Fort Myers,75148 Pepper Wood Lane
droylance7a@tinyurl.com,United States,Illinois,Springfield,2361 Mendota Park
rrheubottom7b@slideshare.net,United States,Pennsylvania,Philadelphia,19057 Scott Way
pdewett7c@shareasale.com,United States,Washington,Vancouver,0467 Hanover Court
hadacot7d@hatena.ne.jp,United States,Georgia,Atlanta,794 Graedel Way
lhelliwell7e@alibaba.com,United States,Indiana,Evansville,67 Canary Plaza
rdriver7f@bing.com,United States,Oklahoma,Oklahoma City,7134 Erie Alley
dbartalini7g@amazon.com,United States,Oklahoma,Oklahoma City,218 Drewry Trail
etildesley7h@about.me,United States,Pennsylvania,Pittsburgh,3309 Butterfield Drive
rallerton7i@e-recht24.de,United States,California,Santa Ana,7 Myrtle Parkway
dkolis7j@nymag.com,United States,Ohio,Toledo,767 Maywood Hill
lgladding7k@nyu.edu,United States,Ohio,Cincinnati,66 Rigney Alley
apauleau7l@nydailynews.com,United States,Florida,Brooksville,4 Fisk Circle
rhallybone7m@oakley.com,United States,New York,Port Washington,0 New Castle Pass
nnazer7n@friendfeed.com,United States,District of Columbia,Washington,6 Village Green Road
jmealiffe7o@jiathis.com,United States,Pennsylvania,Levittown,8443 Golf Course Trail
bolanda7p@admin.ch,United States,Texas,Dallas,0642 Garrison Way
mscowcroft7q@gizmodo.com,United States,Florida,West Palm Beach,73233 Corben Point
atackell7r@tiny.cc,United States,Massachusetts,Worcester,937 Vermont Junction
lzink7s@wisc.edu,United States,California,San Francisco,2 Norway Maple Crossing
elindeboom7t@squarespace.com,United States,Illinois,Decatur,2 Riverside Parkway
ahainning7u@smugmug.com,United States,Oklahoma,Oklahoma City,694 Sutherland Way
blemarchant7v@cisco.com,United States,Illinois,Aurora,60 Bartillon Street
mcharman7w@angelfire.com,United States,Florida,Jacksonville,46848 Mosinee Terrace
daslett7x@opensource.org,United States,California,Los Angeles,9083 Dennis Crossing
hfairholm7y@sciencedaily.com,United States,Missouri,Independence,2349 Arrowood Street
ewiddall7z@moonfruit.com,United States,Connecticut,Waterbury,816 Warner Hill
gtruelock80@vkontakte.ru,United States,Michigan,Troy,3370 Surrey Court
ntwiddle81@sciencedirect.com,United States,New York,New York City,711 Sutherland Circle
mboyde82@liveinternet.ru,United States,Florida,Delray Beach,399 Anhalt Hill
pkildahl83@diigo.com,United States,Indiana,Anderson,7 Anthes Street
cdunford84@nationalgeographic.com,United States,South Carolina,Spartanburg,1214 Eastlawn Point
mlipson85@blogspot.com,United States,California,Pasadena,139 Mallory Place
mromain86@drupal.org,United States,Indiana,Indianapolis,686 Nevada Trail
ocarrane87@whitehouse.gov,United States,Nebraska,Omaha,516 Donald Plaza
hseston88@lycos.com,United States,Wisconsin,Milwaukee,4 Bowman Place
gcauson89@cbsnews.com,United States,Texas,Houston,9 4th Drive
windruch8a@mapy.cz,United States,Delaware,Wilmington,22 Cherokee Parkway
ecaudrelier8b@abc.net.au,United States,District of Columbia,Washington,46 Mosinee Center
pspraging8c@dyndns.org,United States,Illinois,Rockford,432 Glendale Road
rgierke8d@ocn.ne.jp,United States,Florida,Boca Raton,23087 Heffernan Hill
dolman8e@state.gov,United States,Texas,Midland,178 Kings Way
eminshull8f@usda.gov,United States,Kentucky,Lexington,66 Maple Wood Street
mmathivon8g@drupal.org,United States,Indiana,Indianapolis,9 Lawn Way
lcarneck8h@a8.net,United States,Alaska,Juneau,3885 Lunder Terrace
abasnett8i@google.cn,United States,Florida,Orlando,860 Melby Circle
cbilston8j@google.pl,United States,California,San Francisco,57 Scoville Place
abartkiewicz8k@unesco.org,United States,California,San Diego,65 Mifflin Street
dpenticost8l@tuttocitta.it,United States,Arizona,Scottsdale,656 Jenifer Terrace
tcroome8m@techcrunch.com,United States,Arizona,Apache Junction,7442 Johnson Circle
hternault8n@stanford.edu,United States,New Mexico,Albuquerque,6493 Buell Alley
mdarnbrook8o@slideshare.net,United States,Ohio,Toledo,67 Schmedeman Center
dpeet8p@npr.org,United States,Colorado,Colorado Springs,44 Schurz Lane
mreolfi8q@amazon.co.jp,United States,New York,Syracuse,65 Mockingbird Circle
lpendlenton8r@yale.edu,United States,New York,New York City,0032 Dahle Lane
leasman8s@nhs.uk,United States,Mississippi,Jackson,49907 Wayridge Crossing
bbrock8t@prnewswire.com,United States,Nevada,Las Vegas,32121 Vera Pass
fagronski8u@ameblo.jp,United States,Iowa,Davenport,53292 Welch Crossing
bshorte8v@barnesandnoble.com,United States,Florida,Kissimmee,122 Dwight Lane
josman8w@wikispaces.com,United States,Virginia,Roanoke,5 Farmco Point
cgregoletti8x@cnn.com,United States,Alabama,Birmingham,5 Hagan Pass
amacallam8y@free.fr,United States,Idaho,Boise,54564 Eliot Trail
etremaine8z@spotify.com,United States,Florida,Port Charlotte,95 Bonner Hill
kdevitt90@fastcompany.com,United States,Texas,Houston,8244 Dovetail Plaza
dofihillie91@scientificamerican.com,United States,Nevada,Las Vegas,976 Vahlen Lane
lsharram92@meetup.com,United States,Florida,Miami,25 Badeau Place
alilburn93@gnu.org,United States,Colorado,Colorado Springs,1 Ridgeview Road
astudman94@w3.org,United States,Texas,Austin,91075 Kim Crossing
wclaige95@live.com,United States,Texas,Spring,33 Iowa Pass
khawkins96@bravesites.com,United States,Connecticut,New Haven,3911 School Road
kfilppetti97@sciencedirect.com,United States,California,San Diego,40118 Chive Plaza
gseakes98@wunderground.com,United States,California,San Diego,55 Truax Circle
gromeril99@shutterfly.com,United States,Ohio,Cincinnati,6 Butternut Court
hmalam9a@state.tx.us,United States,Georgia,Duluth,9053 Melrose Junction
ebelchambers9b@toplist.cz,United States,Texas,Abilene,45525 Mayer Alley
aaustick9c@feedburner.com,United States,Texas,Houston,2996 Norway Maple Place
mmoine9d@hexun.com,United States,Washington,Vancouver,9 Spenser Road
boris9e@cnn.com,United States,Texas,Houston,29 Homewood Pass
gtripney9f@tripadvisor.com,United States,Rhode Island,Providence,96193 Kings Pass
rtalby9g@multiply.com,United States,Texas,Irving,75745 Farragut Point
acappel9h@topsy.com,United States,Indiana,Fort Wayne,7 Autumn Leaf Drive
mdaynter9i@amazon.com,United States,Utah,Salt Lake City,007 Ohio Court
gcanon9j@amazon.de,United States,Texas,Houston,18 Badeau Parkway
odrennan9k@ted.com,United States,Indiana,South Bend,92 Barnett Circle
rbutfield9l@mlb.com,United States,Louisiana,Lafayette,143 Continental Drive
kdhooge9m@miibeian.gov.cn,United States,Arkansas,Little Rock,26 Waxwing Pass
gwoollcott9n@free.fr,United States,Florida,Melbourne,2449 Fuller Center
serbe9o@eepurl.com,United States,Texas,San Antonio,1808 Vermont Park
dsetterfield9p@amazon.de,United States,Illinois,Chicago,85 Miller Drive
cpetruszka9q@wiley.com,United States,Connecticut,Hartford,824 Hauk Pass
feddowes9r@blogger.com,United States,North Carolina,Charlotte,68 Magdeline Street
ismardon9s@hp.com,United States,Texas,Dallas,6 Lake View Drive
vringham9t@dot.gov,United States,Pennsylvania,Allentown,61006 Main Street
psporrij9u@bravesites.com,United States,California,Los Angeles,6779 Kensington Way
avanini9v@google.it,United States,New York,Bronx,81 Prairie Rose Court
bferrucci9w@msu.edu,United States,Florida,Daytona Beach,8 Comanche Circle
ndorey9x@linkedin.com,United States,Washington,Tacoma,02340 Shoshone Trail
dmeininking9y@biblegateway.com,United States,Florida,Bradenton,807 Shoshone Trail
mcanny9z@so-net.ne.jp,United States,Michigan,Detroit,58665 Lukken Trail
sveelersa0@huffingtonpost.com,United States,Oklahoma,Tulsa,494 Kennedy Junction
lnowakowskaa1@bigcartel.com,United States,California,Sacramento,129 Maryland Crossing
plightbowna2@vinaora.com,United States,Arizona,Apache Junction,47 Waywood Street
sswansborougha3@t.co,United States,Pennsylvania,Pittsburgh,588 Roxbury Park
tmacgruera4@ted.com,United States,Virginia,Virginia Beach,67 Fairfield Park
enichola5@sciencedirect.com,United States,District of Columbia,Washington,83852 Londonderry Avenue
ffranzonelloa6@com.com,United States,Washington,Spokane,64 Spaight Court
mpennringtona7@jugem.jp,United States,Illinois,Springfield,35124 Mariners Cove Point
edurtnala8@mapy.cz,United States,California,San Bernardino,31 Farwell Way
kpercharda9@simplemachines.org,United States,California,Sacramento,6192 American Ash Way
cridsdaleaa@oaic.gov.au,United States,Florida,Spring Hill,51 Westridge Pass
sbunnellab@bizjournals.com,United States,District of Columbia,Washington,94 Green Ridge Hill
droysteac@google.ca,United States,New York,Brooklyn,685 Boyd Way
cfolkerad@pcworld.com,United States,Iowa,Davenport,8302 Oak Valley Way
cholliarae@sourceforge.net,United States,Tennessee,Knoxville,0245 Carberry Alley
lovettaf@epa.gov,United States,Georgia,Atlanta,01765 Rusk Park
pfishleyag@odnoklassniki.ru,United States,New York,Jamaica,7859 Dawn Street
aferensah@comsenz.com,United States,New York,Rochester,12 Coleman Place
hheaphyai@creativecommons.org,United States,Virginia,Portsmouth,84160 Lunder Junction
totuohyaj@feedburner.com,United States,Tennessee,Memphis,28226 Mesta Center
tschaperoak@parallels.com,United States,Florida,Lehigh Acres,7279 Hermina Place
rmarderal@bloomberg.com,United States,Wisconsin,Milwaukee,1543 Kedzie Lane
atezuream@ft.com,United States,North Carolina,Greensboro,92 Colorado Plaza
rknyvettan@newsvine.com,United States,California,Stockton,78457 Mitchell Crossing
ytrevithickao@house.gov,United States,Maryland,Silver Spring,6211 Glendale Trail
gbernardtap@archive.org,United States,Florida,Delray Beach,5 Acker Hill
wmcgarahanaq@miibeian.gov.cn,United States,District of Columbia,Washington,55 Hanover Junction
kculmerar@webmd.com,United States,Georgia,Atlanta,368 Mayer Park
jkirganas@joomla.org,United States,Illinois,Springfield,1 Crownhardt Junction
lshuxsmithat@nih.gov,United States,California,Irvine,081 Bluestem Park
mcornishau@tinypic.com,United States,Pennsylvania,Harrisburg,70 Merry Circle
fmilhamav@yellowbook.com,United States,North Carolina,Winston Salem,8 High Crossing Road
bcokayneaw@fotki.com,United States,Utah,Salt Lake City,093 Waxwing Court
bhasselbyax@reuters.com,United States,Washington,Seattle,6372 Milwaukee Parkway
kbednellay@merriam-webster.com,United States,Washington,Seattle,96942 Hintze Avenue
ckubataz@paginegialle.it,United States,Pennsylvania,Philadelphia,0547 Shopko Way
easpreyb0@diigo.com,United States,Alabama,Tuscaloosa,4 Corben Place
kmerrgenb1@deviantart.com,United States,Florida,Orlando,08 Pond Circle
akhrishtafovichb2@bloomberg.com,United States,Florida,Jacksonville,0 Drewry Place
sedgertonb3@slate.com,United States,New Mexico,Santa Fe,855 Laurel Park
koldroydeb4@cnet.com,United States,New Jersey,Trenton,670 Rusk Avenue
aspiersb5@ft.com,United States,Ohio,Toledo,34773 Esker Center
acomptonb6@huffingtonpost.com,United States,California,Long Beach,7 Havey Park
nedelb7@craigslist.org,United States,Florida,Winter Haven,7284 Dunning Place
kharwickb8@scientificamerican.com,United States,Virginia,Roanoke,675 Riverside Pass
uvaudreb9@w3.org,United States,Ohio,Toledo,51 Hauk Court
agurnettba@parallels.com,United States,Indiana,Evansville,364 Marcy Junction
chambidgebb@boston.com,United States,Texas,Houston,18959 Schiller Court
mflatmanbc@tiny.cc,United States,Pennsylvania,Scranton,51754 Fremont Drive
asharvillbd@oaic.gov.au,United States,Michigan,Detroit,7056 Oriole Alley
apfaffelbe@usa.gov,United States,Colorado,Colorado Springs,758 Luster Court
ogamlenbf@ask.com,United States,Minnesota,Saint Paul,1 Reinke Point
ejellardbg@issuu.com,United States,Texas,Houston,7 Rieder Trail
rkeasybh@csmonitor.com,United States,Idaho,Boise,46 High Crossing Lane
pwankbi@yahoo.com,United States,Illinois,Springfield,25 Garrison Lane
lhorbartbj@home.pl,United States,Texas,Houston,54583 Armistice Road
ceastwoodbk@epa.gov,United States,Tennessee,Chattanooga,290 Elka Trail
tfairbournbl@indiatimes.com,United States,California,Fresno,11 Hauk Hill
vbruinsbm@google.fr,United States,California,San Diego,0888 Manitowish Center
kmunktonbn@freewebs.com,United States,Minnesota,Saint Paul,69265 Upham Hill
jgrocockbo@facebook.com,United States,Texas,Houston,7134 Granby Crossing
saitchesonbp@nhs.uk,United States,District of Columbia,Washington,35571 Victoria Park
sdemogeotbq@nsw.gov.au,United States,Florida,Daytona Beach,181 Hauk Crossing
kromanellibr@csmonitor.com,United States,Washington,Seattle,20948 Corry Street
cdicarlobs@hud.gov,United States,Colorado,Denver,9494 Sugar Court
cellisbt@ovh.net,United States,South Carolina,Greenville,597 Jana Alley
cashfullbu@addtoany.com,United States,New Mexico,Santa Fe,9576 Katie Place
bduckeringbv@w3.org,United States,Ohio,Mansfield,028 Glacier Hill Trail
sbousfieldbw@census.gov,United States,New York,New York City,79 Merry Crossing
winggallbx@yellowpages.com,United States,Connecticut,New Haven,51770 Susan Hill
sblackborneby@seesaa.net,United States,New Jersey,Elizabeth,0433 Emmet Junction
mblacketbz@webnode.com,United States,Indiana,Muncie,7050 Clyde Gallagher Alley
dsherwync0@dell.com,United States,Florida,Daytona Beach,42216 Hayes Way
sbramerc1@cisco.com,United States,Oregon,Beaverton,39 Weeping Birch Circle
bmaltc2@comsenz.com,United States,Missouri,Saint Louis,01 Longview Park
pvasicc3@netvibes.com,United States,New Jersey,Newark,41 Forest Trail
tgarrandc4@mozilla.com,United States,Tennessee,Memphis,9 Grayhawk Crossing
mpennycookc5@reddit.com,United States,Missouri,Saint Louis,5 Pine View Circle
hpleyc6@plala.or.jp,United States,Texas,Houston,15582 Del Mar Hill
lfrankisc7@bbc.co.uk,United States,Pennsylvania,Erie,386 Northwestern Avenue
gcapronc8@zdnet.com,United States,Kentucky,Louisville,786 Eliot Way
mburyc9@blinklist.com,United States,Ohio,Columbus,0 Blue Bill Park Place
hcalytonca@so-net.ne.jp,United States,Minnesota,Monticello,5249 Hovde Avenue
dyaneevcb@topsy.com,United States,Illinois,Peoria,36 Eliot Crossing
ndeclerccc@seattletimes.com,United States,District of Columbia,Washington,8188 Dryden Court
mmottershawcd@yale.edu,United States,California,San Jose,556 Trailsway Junction
jkenence@sbwire.com,United States,Florida,Miami,824 Kenwood Circle
aiffecf@google.ca,United States,California,San Diego,2184 Del Sol Avenue
kfranciotticg@jimdo.com,United States,Hawaii,Honolulu,05 Bunker Hill Pass
tgreenallch@utexas.edu,United States,Georgia,Atlanta,8844 Lakeland Drive
fstreetsci@webnode.com,United States,District of Columbia,Washington,565 Amoth Point
jcritchlowcj@icq.com,United States,Texas,Houston,1717 Trailsway Crossing
fgeorgelck@unc.edu,United States,Indiana,Fort Wayne,655 Utah Drive
jcoddingtoncl@imageshack.us,United States,Florida,Saint Petersburg,323 Maryland Circle
vdoakcm@sohu.com,United States,Pennsylvania,Wilkes Barre,8 Boyd Terrace
ltomaskunascn@ted.com,United States,Alabama,Montgomery,05 Lindbergh Hill
sliptrodco@wisc.edu,United States,Florida,Pinellas Park,5 Hoard Center
vkeeltaghcp@pbs.org,United States,Nebraska,Omaha,2154 Oak Plaza
ddillestonecq@bandcamp.com,United States,Tennessee,Memphis,2 Garrison Street
eboughtoncr@gravatar.com,United States,Kansas,Topeka,255 Anhalt Pass
lkehoecs@meetup.com,United States,Virginia,Norfolk,41144 Killdeer Road
bkunzect@netlog.com,United States,Florida,Gainesville,5220 Arizona Junction
kjordincu@weibo.com,United States,Washington,Seattle,76 Heffernan Crossing
mpechetcv@purevolume.com,United States,Maryland,Ridgely,093 Talmadge Lane
jgoodbannecw@imdb.com,United States,Kansas,Topeka,582 Hansons Plaza
apoldingcx@forbes.com,United States,District of Columbia,Washington,6 Debra Plaza
cgertzcy@tamu.edu,United States,District of Columbia,Washington,5 Express Junction
ttuerenacz@netlog.com,United States,Texas,Houston,5619 Toban Center
mklampd0@sfgate.com,United States,California,Santa Barbara,8095 Arrowood Terrace
wclemittd1@bandcamp.com,United States,California,Fresno,11828 Oak Valley Point
rbrientd2@timesonline.co.uk,United States,Virginia,Richmond,29669 Schurz Trail
cernshawd3@zimbio.com,United States,Arizona,Phoenix,3869 High Crossing Center
rmcmeylerd4@techcrunch.com,United States,Utah,Salt Lake City,85513 Becker Hill
mlabrowd5@miitbeian.gov.cn,United States,Louisiana,Shreveport,7 Eastwood Alley
cmenichid6@indiegogo.com,United States,Massachusetts,Worcester,1 Little Fleur Alley
aolubyd7@harvard.edu,United States,Louisiana,Baton Rouge,8928 Montana Court
rshakespeared8@msu.edu,United States,California,Pasadena,7 Sullivan Way
gcheersd9@t.co,United States,Virginia,Richmond,1875 Weeping Birch Terrace
mdunridgeda@nba.com,United States,Ohio,Cleveland,5051 American Hill
vshoutdb@xinhuanet.com,United States,New Jersey,Jersey City,113 Northland Drive
ddurbridgedc@elpais.com,United States,New York,New York City,29882 Armistice Point
eenderleindd@mozilla.com,United States,Arizona,Glendale,4621 Warbler Center
dsheavillsde@springer.com,United States,Texas,Abilene,915 Melody Trail
abourdasdf@weebly.com,United States,Virginia,Roanoke,45106 Troy Terrace
mhardwaredg@sogou.com,United States,Ohio,Youngstown,027 Helena Center
rmatchettdh@shutterfly.com,United States,Colorado,Colorado Springs,7 Fordem Point
ssilverwooddi@lulu.com,United States,Utah,Salt Lake City,74965 Fieldstone Circle
medmeaddj@icio.us,United States,California,Stockton,76 Graedel Street
hmccaughendk@usa.gov,United States,California,San Francisco,8 Valley Edge Place
lrubrowdl@163.com,United States,Minnesota,Saint Paul,98 Canary Crossing
fgorickedm@unc.edu,United States,Tennessee,Chattanooga,29404 Dottie Parkway
dohogandn@xrea.com,United States,Texas,Dallas,58 6th Street
tkenchdo@4shared.com,United States,Virginia,Roanoke,270 Becker Pass
ncoxalldp@123-reg.co.uk,United States,Colorado,Grand Junction,64 Crowley Center
dmeerondq@youku.com,United States,Illinois,Chicago,32 Thackeray Terrace
hdesmonddr@opera.com,United States,California,Sacramento,86076 Ohio Drive
kcaudreyds@techcrunch.com,United States,North Carolina,Wilmington,915 Utah Pass
csewterdt@cisco.com,United States,Nevada,Henderson,55 Doe Crossing Place
jpalphramanddu@ftc.gov,United States,Arizona,Tucson,84 Sunbrook Center
noscanlandv@prlog.org,United States,Ohio,Toledo,9 Emmet Crossing
pmazzeodw@netvibes.com,United States,Oklahoma,Oklahoma City,39942 Nelson Circle
bvaninidx@hexun.com,United States,New York,Jamaica,79350 Lakeland Center
tsheircliffedy@berkeley.edu,United States,California,San Diego,55 Tony Parkway
nayersdz@rediff.com,United States,Missouri,Saint Louis,129 Pine View Drive
ascottse0@dyndns.org,United States,North Carolina,Charlotte,68953 Stephen Street
akynvine1@unblog.fr,United States,Ohio,Cleveland,28 Clove Street
kcornaue2@webmd.com,United States,Texas,Houston,7 Donald Way
dbuchanane3@pbs.org,United States,Ohio,Toledo,4 Sheridan Drive
cwessone4@odnoklassniki.ru,United States,Texas,El Paso,328 Amoth Pass
hkeattche5@studiopress.com,United States,Tennessee,Memphis,5658 Straubel Drive
tmartignonie6@hostgator.com,United States,Tennessee,Nashville,19 Myrtle Hill
daparke7@delicious.com,United States,Pennsylvania,Harrisburg,4 Brickson Park Alley
bwhykee8@newyorker.com,United States,Texas,Gatesville,07 Fair Oaks Point
gkadare9@prlog.org,United States,Minnesota,Minneapolis,259 Manley Pass
kchantillonea@furl.net,United States,Indiana,Evansville,1 Hollow Ridge Point
arankmoreeb@gizmodo.com,United States,Tennessee,Knoxville,78 Heffernan Pass
tmalingec@unc.edu,United States,Illinois,Springfield,68 Burning Wood Circle
hmacgheeed@symantec.com,United States,Virginia,Richmond,43753 2nd Junction
mmothee@timesonline.co.uk,United States,Nevada,Carson City,38 Browning Parkway
askivingtonef@360.cn,United States,Maryland,Gaithersburg,5 Esch Center
zbonseyeg@woothemes.com,United States,New York,Brooklyn,07562 Aberg Pass
mlangmeadeh@addthis.com,United States,New York,Brooklyn,314 Mallard Pass
braynardei@digg.com,United States,Florida,Fort Lauderdale,26 Cardinal Circle
apitkinej@spotify.com,United States,Illinois,Aurora,16 Kennedy Circle
thabronek@psu.edu,United States,Virginia,Sterling,82942 Becker Terrace
omckerlieel@etsy.com,United States,Florida,Punta Gorda,9471 Division Road
saingelem@woothemes.com,United States,Virginia,Richmond,1414 Corben Hill
gwindressen@hibu.com,United States,Virginia,Hampton,2 Waywood Place
rkunaeo@booking.com,United States,Mississippi,Columbus,317 Kensington Plaza
cwanklingep@ted.com,United States,Utah,Ogden,98093 Sage Lane
sconnollyeq@youtu.be,United States,New York,Mount Vernon,1618 Farmco Point
ldaweer@bloglovin.com,United States,Oregon,Portland,3451 Hansons Place
ghabardes@berkeley.edu,United States,Florida,Fort Lauderdale,500 Maple Wood Street
tubachet@stanford.edu,United States,District of Columbia,Washington,2 Arkansas Lane
sdemarseu@ca.gov,United States,Washington,Seattle,116 Talmadge Hill
lgodardev@alibaba.com,United States,West Virginia,Charleston,37 Farragut Parkway
mweatherburnew@cyberchimps.com,United States,California,Santa Barbara,89741 Harbort Way
dcorrieaex@squarespace.com,United States,Nevada,Las Vegas,0 Milwaukee Road
wlepoideviney@nytimes.com,United States,Ohio,Cincinnati,54 Fulton Crossing
afrazerez@weather.com,United States,Texas,Houston,39177 Alpine Avenue
smacalasterf0@wunderground.com,United States,Tennessee,Knoxville,015 Springs Parkway
amewburnf1@house.gov,United States,New York,Rochester,10161 Saint Paul Junction
jemonsf2@cmu.edu,United States,Indiana,Indianapolis,2 Maple Wood Alley
rkoopf3@weather.com,United States,Michigan,Warren,192 Di Loreto Park
dollerearnshawf4@dagondesign.com,United States,Mississippi,Biloxi,849 Talisman Crossing
cdietzf5@photobucket.com,United States,California,Pomona,16712 8th Parkway
cchominskif6@ehow.com,United States,California,San Francisco,64258 Prairie Rose Hill
miuoriof7@yellowbook.com,United States,Colorado,Colorado Springs,99 Esch Way
lmartinovicf8@sakura.ne.jp,United States,Louisiana,Baton Rouge,21 Village Green Street
hresunf9@ehow.com,United States,Georgia,Atlanta,1672 Aberg Avenue
tbolzenfa@dedecms.com,United States,Alabama,Huntsville,926 Corben Way
bcraighillfb@cdc.gov,United States,Georgia,Augusta,21 4th Way
plefevrefc@google.pl,United States,California,South Lake Tahoe,87 Tony Crossing
gbernierfd@gmpg.org,United States,New York,New York City,7 6th Avenue
dwainefe@google.com.hk,United States,Utah,Salt Lake City,1731 Muir Parkway
sbradberryff@bizjournals.com,United States,New York,Buffalo,0 Barnett Point
mdaglishfg@etsy.com,United States,Utah,Salt Lake City,605 Darwin Alley
kworstallfh@huffingtonpost.com,United States,Ohio,Toledo,2 Norway Maple Hill
kjowettfi@sakura.ne.jp,United States,Georgia,Albany,4 Arrowood Court
eberfj@cnn.com,United States,New York,Brooklyn,1022 Waywood Plaza
adoltonfk@angelfire.com,United States,Michigan,Detroit,0791 Bellgrove Place
mbrisleyfl@e-recht24.de,United States,New Jersey,Trenton,51203 Lawn Avenue
lcullyfm@usa.gov,United States,Washington,Kent,949 Graceland Parkway
xrubertifn@salon.com,United States,Texas,Houston,6 Alpine Trail
oglowachfo@skyrock.com,United States,Virginia,Richmond,91 Morrow Terrace
kstarbuckefp@hhs.gov,United States,Maryland,Silver Spring,472 Dakota Circle
caveyfq@tripod.com,United States,New York,Brooklyn,404 Dapin Avenue
mgaddfr@lycos.com,United States,Ohio,Akron,0 Vidon Street
gsiudafs@indiegogo.com,United States,Pennsylvania,Harrisburg,8 Amoth Crossing
dchadbourneft@toplist.cz,United States,South Carolina,Columbia,8 Northwestern Place
dpeasnonefu@ftc.gov,United States,Michigan,Lansing,2828 Sunnyside Trail
tbastenfv@bluehost.com,United States,Louisiana,Baton Rouge,56 Pankratz Pass
wbirneyfw@uol.com.br,United States,Ohio,Akron,7072 Surrey Road
tceschinifx@purevolume.com,United States,California,San Diego,33 Express Hill
mmingardfy@arstechnica.com,United States,Indiana,Evansville,17 Havey Place
cmoughtinfz@tiny.cc,United States,Oklahoma,Oklahoma City,38 Farragut Avenue
rcracieg0@linkedin.com,United States,Florida,Fort Lauderdale,4486 Meadow Ridge Pass
gmaccranng1@nih.gov,United States,Georgia,Atlanta,8 Northview Parkway
mdacostag2@parallels.com,United States,California,Long Beach,7 Moose Terrace
jwoodersong3@yellowpages.com,United States,Texas,Austin,282 Marquette Trail
klissemoreg4@geocities.jp,United States,Georgia,Atlanta,6358 Morning Park
pgabbatissg5@pagesperso-orange.fr,United States,Virginia,Alexandria,10 Steensland Lane
cpapesg6@huffingtonpost.com,United States,Tennessee,Knoxville,93 Lien Plaza
mjosskowitzg7@psu.edu,United States,Connecticut,Norwalk,06874 Westridge Pass
jipgraveg8@webeden.co.uk,United States,Virginia,Roanoke,85 Mayfield Pass
dcraceg9@deliciousdays.com,United States,Delaware,Newark,846 Stoughton Way
rwateridgega@dagondesign.com,United States,Alabama,Montgomery,3 Basil Place
aerteltgb@angelfire.com,United States,California,Modesto,2307 Rockefeller Trail
btunnacliffegc@yale.edu,United States,Washington,Seattle,1 Corscot Point
omcvanamygd@cdc.gov,United States,California,Lancaster,4 Kipling Plaza
mickege@purevolume.com,United States,Missouri,Saint Louis,694 Starling Plaza
sstuttardgf@webeden.co.uk,United States,District of Columbia,Washington,06338 Gateway Drive
kwarrenergg@ucla.edu,United States,California,Escondido,7 Derek Street
crubinsaftgh@homestead.com,United States,New York,New York City,12683 Lakeland Terrace
laberdeingi@usda.gov,United States,Massachusetts,Woburn,319 Clyde Gallagher Court
ibutterwickgj@japanpost.jp,United States,Florida,West Palm Beach,0 Morningstar Street
kjakubovitsgk@mediafire.com,United States,Nevada,Reno,654 Brickson Park Point
meberstgl@vinaora.com,United States,New York,Yonkers,270 Butterfield Street
jaynscombegm@creativecommons.org,United States,Louisiana,Shreveport,9237 Kenwood Park
jatcockgn@weebly.com,United States,West Virginia,Morgantown,04427 Lindbergh Way
mbrandigo@meetup.com,United States,California,Inglewood,11294 Fulton Terrace
kreagp@thetimes.co.uk,United States,Oklahoma,Edmond,9068 Independence Circle
syudegq@example.com,United States,Colorado,Colorado Springs,0 Hoepker Crossing
eclimiegr@amazon.com,United States,Louisiana,Monroe,27 Scott Plaza
wolivegs@nymag.com,United States,Mississippi,Jackson,01932 Melrose Drive
tmetheringhamgt@time.com,United States,Virginia,Virginia Beach,37 Village Green Hill
rconybeargu@senate.gov,United States,Kentucky,Frankfort,00310 Jenna Court
mtsarovicgv@hugedomains.com,United States,Florida,Tallahassee,5314 Pine View Court
dveazeygw@shinystat.com,United States,Texas,San Antonio,6 Evergreen Parkway
dlodovichigx@gmpg.org,United States,Tennessee,Memphis,15 Bay Hill
mmcguineygy@flavors.me,United States,Pennsylvania,Harrisburg,2933 Fieldstone Pass
fdmitrienkogz@google.co.uk,United States,Florida,Tallahassee,843 Armistice Plaza
ssowleyh0@cmu.edu,United States,Colorado,Denver,09317 Florence Crossing
tblackaderh1@multiply.com,United States,California,San Francisco,0 Debs Hill
ppellerh2@dell.com,United States,Nevada,Las Vegas,3 Warner Drive
kconsadineh3@jimdo.com,United States,California,San Bernardino,2122 Lunder Road
cblaneyh4@sfgate.com,United States,California,Long Beach,290 Village Plaza
ogriswoodh5@fda.gov,United States,West Virginia,Huntington,71 Village Place
bstoddh6@indiatimes.com,United States,New York,New Hyde Park,45324 Maple Way
omckeandh7@sphinn.com,United States,Iowa,Des Moines,6756 Green Road
shastinh8@myspace.com,United States,California,Fresno,55767 Union Street
kstagh9@chronoengine.com,United States,Texas,Houston,0187 Clyde Gallagher Circle
ypesakha@ifeng.com,United States,Minnesota,Minneapolis,0 Washington Place
eskoneshb@gizmodo.com,United States,Oklahoma,Oklahoma City,59 Schurz Point
atynemouthhc@comcast.net,United States,Florida,Orlando,93812 Maple Way
dhudlesshd@behance.net,United States,New Mexico,Santa Fe,19 Dixon Junction
hhilbournehe@joomla.org,United States,Minnesota,Monticello,5765 Carioca Avenue
pcleatherowhf@va.gov,United States,New York,Brooklyn,8813 Luster Crossing
dfranceschihg@squidoo.com,United States,Virginia,Newport News,3957 Hanover Road
jlanegranhh@storify.com,United States,Texas,Beaumont,4 Delaware Terrace
bstenhousehi@wired.com,United States,Illinois,Carol Stream,20971 Messerschmidt Plaza
cweinberghj@gravatar.com,United States,Illinois,Chicago,73426 Clyde Gallagher Avenue
rmcgauhyhk@businessinsider.com,United States,Michigan,Battle Creek,495 Beilfuss Park
rpoleyehl@bbc.co.uk,United States,South Carolina,Charleston,94923 Schlimgen Alley
nbrocktonhm@salon.com,United States,Arizona,Glendale,07 Northfield Avenue
rellisonhn@va.gov,United States,New York,Jamaica,65121 Dapin Plaza
lfarlambeho@jalbum.net,United States,New York,New York City,9 Morningstar Hill
kcliffhp@pbs.org,United States,Louisiana,New Orleans,7 Northland Point
bgynnehq@360.cn,United States,Michigan,Detroit,3120 Sommers Plaza
syepiskopovhr@diigo.com,United States,Alabama,Birmingham,6 Emmet Place
tvoyseyhs@pen.io,United States,Maryland,Baltimore,98 Dryden Center
fashmoreht@nhs.uk,United States,Louisiana,Baton Rouge,647 Fair Oaks Pass
wwychhu@digg.com,United States,Connecticut,New Haven,7 3rd Drive
loquirkhv@npr.org,United States,District of Columbia,Washington,42 Sunfield Lane
giaduccellihw@lulu.com,United States,Washington,Tacoma,710 Beilfuss Way
rfeavyourhx@studiopress.com,United States,Texas,Austin,34 Miller Drive
rrennoldshy@webs.com,United States,Indiana,South Bend,5 Larry Junction
jspawtonhz@naver.com,United States,Georgia,Atlanta,39 Marcy Street
egregri0@microsoft.com,United States,Texas,Amarillo,0420 Barby Pass
gboddyi1@wunderground.com,United States,California,San Jose,14434 Randy Circle
kfairbourni2@adobe.com,United States,Florida,Clearwater,44 Carey Terrace
jmucilloi3@telegraph.co.uk,United States,Arizona,Phoenix,68 Straubel Court
amussolinii4@last.fm,United States,Virginia,Roanoke,8 Erie Street
ameneari5@cbsnews.com,United States,Wisconsin,Milwaukee,737 Merrick Center
sallisoni6@soup.io,United States,South Carolina,Florence,0681 Fulton Alley
pspillanei7@indiatimes.com,United States,Kansas,Shawnee Mission,3735 Nobel Road
fparfitti8@elpais.com,United States,District of Columbia,Washington,80 Ridge Oak Lane
wmytoni9@nhs.uk,United States,Ohio,Cincinnati,0410 Anthes Center
ohallewellia@exblog.jp,United States,Oregon,Portland,80973 Namekagon Drive
cslowgroveib@scribd.com,United States,Virginia,Norfolk,58 Eastwood Junction
kfredyic@hostgator.com,United States,Alabama,Birmingham,20 Old Shore Park
kfilippazzoid@fotki.com,United States,California,San Jose,2138 Kingsford Crossing
swoolmingtonie@sciencedaily.com,United States,Tennessee,Memphis,46 Forest Avenue
dgadsdenif@patch.com,United States,Illinois,Chicago,04891 Portage Point
rbirdwistleig@senate.gov,United States,California,Bakersfield,2 Caliangt Drive
cmatteuzziih@cocolog-nifty.com,United States,Florida,Miami,94 Amoth Court
dmowdayii@oaic.gov.au,United States,Texas,Dallas,96611 Mallard Hill
lbackesij@creativecommons.org,United States,Colorado,Denver,062 Luster Alley
rshouttik@hud.gov,United States,Texas,Odessa,552 Norway Maple Lane
lgentilil@hugedomains.com,United States,Utah,Ogden,56589 John Wall Plaza
hraeburnim@columbia.edu,United States,Colorado,Fort Collins,8 Fair Oaks Avenue
hgowriein@stumbleupon.com,United States,Missouri,Kansas City,23 Forster Point
sbonickio@blogger.com,United States,Minnesota,Minneapolis,1398 School Pass
abortolozziip@wikimedia.org,United States,Florida,Boynton Beach,49 Fair Oaks Drive
pskillmaniq@go.com,United States,Nebraska,Omaha,6 Maple Plaza
sleiversir@thetimes.co.uk,United States,Pennsylvania,Philadelphia,9900 Emmet Crossing
iallsoppis@wikimedia.org,United States,New York,Brooklyn,4 Ilene Park
pgoultit@webs.com,United States,Texas,Abilene,8147 Mosinee Plaza
aclowneyiu@zimbio.com,United States,Nebraska,Omaha,41361 Crescent Oaks Drive
kfrangletoniv@accuweather.com,United States,Texas,Dallas,44897 Lake View Lane
aguillfordiw@google.com.hk,United States,Connecticut,New Haven,0400 Stuart Drive
clebromix@imgur.com,United States,California,San Jose,6 Shelley Circle
ajulianoiy@census.gov,United States,Vermont,Montpelier,00 Granby Point
iaburrowiz@digg.com,United States,Florida,Vero Beach,14 Porter Trail
rvaunj0@nbcnews.com,United States,Alabama,Mobile,061 Green Park
hriccardj1@goo.ne.jp,United States,Utah,Ogden,568 Ryan Center
kivasyushkinj2@arizona.edu,United States,Texas,El Paso,6 Kropf Crossing
jpawlickj3@artisteer.com,United States,New Jersey,Newark,594 Dixon Hill
iguillardj4@twitpic.com,United States,District of Columbia,Washington,19242 Harbort Drive
apitneyj5@issuu.com,United States,Florida,Zephyrhills,5 Manley Center
avilesj6@ocn.ne.jp,United States,Florida,Boca Raton,9062 Main Center
lvanezisj7@mit.edu,United States,Texas,Waco,8888 Lake View Lane
nsmardonj8@yandex.ru,United States,New York,Buffalo,7120 Haas Pass
pchatj9@typepad.com,United States,Oklahoma,Oklahoma City,63067 Ridge Oak Road
mpalmerja@psu.edu,United States,New York,Jamaica,09615 Ridgeview Street
kdetocjb@1688.com,United States,Florida,Hollywood,9996 Sage Parkway
ajudgkinsjc@umich.edu,United States,Utah,Salt Lake City,37 Erie Alley
dmerigonjd@cyberchimps.com,United States,Texas,Corpus Christi,13948 Fair Oaks Drive
xfursseje@theguardian.com,United States,Connecticut,New Haven,4383 Troy Place
fheapjf@myspace.com,United States,Florida,Tampa,2837 Calypso Point
mwheeltonjg@bing.com,United States,Iowa,Des Moines,6 Thompson Parkway
fdrippjh@economist.com,United States,Alaska,Anchorage,81981 Sheridan Crossing
pmaylinji@ow.ly,United States,Georgia,Atlanta,967 Badeau Circle
agomerjj@4shared.com,United States,Ohio,Dayton,6 Morning Junction
djakovjk@cyberchimps.com,United States,California,Long Beach,034 Linden Circle
dhaimejl@nature.com,United States,California,Fresno,976 Northridge Junction
oringrosejm@devhub.com,United States,California,Sacramento,02 Ridgeway Point
dgoodingejn@utexas.edu,United States,Texas,San Antonio,53768 Westend Road
sliepinsjo@shinystat.com,United States,North Carolina,Charlotte,6837 Menomonie Circle
gbrisardjp@histats.com,United States,California,Sacramento,09 Lien Point
ukrellejq@nps.gov,United States,California,Corona,2542 Ryan Place
mtreadgoldjr@bizjournals.com,United States,Ohio,Youngstown,2533 Banding Park
pyoudjs@blogs.com,United States,Texas,Amarillo,85 Vera Court
groafjt@hatena.ne.jp,United States,Indiana,Indianapolis,188 Lunder Road
aschulterju@bloglovin.com,United States,District of Columbia,Washington,38 Carpenter Plaza
gscrivinerjv@1688.com,United States,Maryland,Baltimore,85 Pond Plaza
wwillougheyjw@addtoany.com,United States,Kentucky,Lexington,3 Killdeer Junction
pbalkejx@abc.net.au,United States,Tennessee,Nashville,210 Morning Hill
jwimpeneyjy@sina.com.cn,United States,California,Los Angeles,193 Lakewood Center
dalexanderjz@flickr.com,United States,New Jersey,Paterson,8273 Summerview Circle
egiacomazzok0@facebook.com,United States,Virginia,Arlington,1 Red Cloud Pass
ojinkink1@csmonitor.com,United States,Minnesota,Young America,000 Rockefeller Circle
tgilhooleyk2@newsvine.com,United States,Kansas,Shawnee Mission,1 Kinsman Trail
predsullk3@telegraph.co.uk,United States,Kansas,Wichita,30 Memorial Pass
mdilleyk4@indiegogo.com,United States,Connecticut,Norwalk,24691 Roxbury Park
aashwellk5@sourceforge.net,United States,Florida,Gainesville,4 Forster Plaza
ybroseniusk6@intel.com,United States,Kansas,Topeka,26686 Corry Center
cmanolovk7@studiopress.com,United States,Virginia,Richmond,975 Memorial Circle
ltumiltyk8@cbslocal.com,United States,Iowa,Cedar Rapids,4 Esch Road
ctinghillk9@wsj.com,United States,District of Columbia,Washington,458 Moland Park
rgillika@cnet.com,United States,Indiana,Indianapolis,2121 Ruskin Court
aleonardikb@usa.gov,United States,Washington,Everett,48 Karstens Lane
rdabnotkc@abc.net.au,United States,Georgia,Lawrenceville,4385 Independence Junction
aperellkd@redcross.org,United States,Ohio,Toledo,823 Hoffman Crossing
jbreretonke@wikia.com,United States,California,Lancaster,88044 Lyons Place
gsultanakf@abc.net.au,United States,Colorado,Denver,0071 Lerdahl Parkway
acadgekg@altervista.org,United States,Alaska,Anchorage,317 Butterfield Pass
akonmannkh@ftc.gov,United States,Florida,Orlando,3663 Elgar Street
mbrolechanki@icq.com,United States,Oregon,Salem,93407 Oak Drive
cmorguekj@example.com,United States,New York,White Plains,83 Sherman Court
frouthamkk@hp.com,United States,California,Los Angeles,90606 Bonner Street
gdaviokl@latimes.com,United States,Virginia,Portsmouth,2 Donald Center
dmabbottkm@apple.com,United States,Alabama,Mobile,276 Dapin Point
drowbottamkn@behance.net,United States,Kansas,Wichita,50536 Hermina Drive
kbaleineko@last.fm,United States,Louisiana,Lafayette,76 Onsgard Parkway
gbuscherkp@sbwire.com,United States,District of Columbia,Washington,1 Arapahoe Drive
emacallesterkq@usda.gov,United States,Alabama,Montgomery,67 Pearson Terrace
rkubackikr@scribd.com,United States,Virginia,Newport News,1 Welch Crossing
whanburybrownks@techcrunch.com,United States,District of Columbia,Washington,8267 Loeprich Drive
ablazhevichkt@dmoz.org,United States,Tennessee,Nashville,33 Straubel Crossing
jfishleighku@google.co.jp,United States,Oklahoma,Oklahoma City,185 Vernon Plaza
sestoilekv@shutterfly.com,United States,California,San Diego,5487 Valley Edge Street
bbuncomkw@arizona.edu,United States,Pennsylvania,Philadelphia,59 Ridgeview Road
bfrancklynkx@paginegialle.it,United States,New York,Great Neck,686 Hoffman Plaza
nbollinsky@is.gd,United States,California,Sacramento,1876 Schlimgen Way
nkinzettkz@moonfruit.com,United States,California,Fresno,9776 Comanche Plaza
dbucktroutl0@indiegogo.com,United States,Utah,Provo,598 Thackeray Parkway
fgrovenl1@sohu.com,United States,California,Irvine,06161 Brickson Park Pass
yketcherl2@discuz.net,United States,Florida,Spring Hill,25 Brickson Park Trail
nbarckel3@bbb.org,United States,Florida,Jacksonville,71 Cascade Lane
zkibardl4@sakura.ne.jp,United States,Texas,Houston,75 Melrose Crossing
sarmingerl5@geocities.jp,United States,New York,New York City,831 Hauk Alley
nthunnercliffel6@privacy.gov.au,United States,New Jersey,Trenton,6 Kenwood Court
rgatherl7@dot.gov,United States,New Jersey,Trenton,6716 Huxley Drive
ljoryl8@clickbank.net,United States,Maryland,Baltimore,673 Algoma Trail
lgarrudl9@furl.net,United States,Maryland,Baltimore,0 Bunting Place
dengallla@behance.net,United States,New Jersey,Trenton,28481 Service Avenue
ssolmanlb@umich.edu,United States,Florida,Jacksonville,4561 Coolidge Pass
gschleicherlc@bloglines.com,United States,Texas,El Paso,57633 Banding Circle
smunginld@g.co,United States,Ohio,Dayton,15712 Di Loreto Terrace
rdarkinsle@rediff.com,United States,California,Pasadena,35 Brickson Park Trail
dnethercliftlf@ezinearticles.com,United States,Pennsylvania,Mc Keesport,62 Laurel Center
mthornbarrowlg@stumbleupon.com,United States,Virginia,Portsmouth,390 Sunnyside Crossing
lfarrimondlh@tmall.com,United States,District of Columbia,Washington,403 Golf Place
wromerilli@clickbank.net,United States,Missouri,Kansas City,19 Badeau Hill
dsaxtonlj@miitbeian.gov.cn,United States,Pennsylvania,Pittsburgh,6331 Golf Course Place
hmesserlk@weibo.com,United States,Pennsylvania,Scranton,4 Aberg Pass
wtayloll@istockphoto.com,United States,Arizona,Tucson,69838 Mitchell Drive
sbithelllm@adobe.com,United States,Mississippi,Hattiesburg,93597 5th Court
rclausenln@booking.com,United States,Florida,Fort Myers,593 La Follette Road
norrahlo@liveinternet.ru,United States,Texas,El Paso,4 Harper Crossing
cronanlp@bloglines.com,United States,Texas,Dallas,75198 Quincy Terrace
sshackelllq@stumbleupon.com,United States,District of Columbia,Washington,216 Logan Center
schatinlr@mac.com,United States,Louisiana,New Orleans,8 Ryan Park
fhenckels@ucoz.com,United States,Utah,Salt Lake City,38 Logan Plaza
hjennolt@phoca.cz,United States,Florida,Tallahassee,9 Mosinee Trail
trotherforthlu@tamu.edu,United States,California,Los Angeles,0 Merchant Street
kpeteralv@phpbb.com,United States,Texas,Abilene,8 Bartillon Lane
gmarzellanolw@flickr.com,United States,Pennsylvania,Erie,87362 American Pass
coulnerlx@ehow.com,United States,Louisiana,Shreveport,138 Havey Hill
lbootherstonely@gnu.org,United States,District of Columbia,Washington,286 Schmedeman Trail
agoefflz@flavors.me,United States,Washington,Yakima,59 Canary Plaza
lmansbridgem0@washington.edu,United States,Wisconsin,Madison,56816 Lakewood Gardens Way
aslidesm1@studiopress.com,United States,New York,Syracuse,9925 Fisk Circle
gtimblettm2@mlb.com,United States,Minnesota,Minneapolis,5262 Washington Terrace
sparisom3@histats.com,United States,Texas,Lubbock,3010 Marcy Road
wgoalbym4@whitehouse.gov,United States,District of Columbia,Washington,24380 Melvin Hill
apoppingm5@virginia.edu,United States,South Dakota,Sioux Falls,6840 Monument Court
kcholominm6@army.mil,United States,Florida,Miami,6 Florence Way
lrojahnm7@lycos.com,United States,Texas,Dallas,38 Harper Way
vgonningm8@ustream.tv,United States,Florida,Lakeland,3407 Rowland Park
rhowardm9@youtube.com,United States,Iowa,Des Moines,6461 Mockingbird Court
gmillsma@yellowbook.com,United States,Wisconsin,Milwaukee,3 Grover Court
nfarrermb@oakley.com,United States,Louisiana,New Orleans,9 Esch Street
rjirikmc@ning.com,United States,California,Corona,879 Cherokee Plaza
bpeascodmd@dedecms.com,United States,Michigan,Flint,08 Derek Circle
eodennehyme@blogtalkradio.com,United States,Indiana,Fort Wayne,1370 Kedzie Way
rbrodymf@slashdot.org,United States,Nebraska,Omaha,27147 Brown Junction
zbowyermg@mediafire.com,United States,Mississippi,Jackson,39381 Northview Avenue
dsnowmanmh@foxnews.com,United States,Utah,Salt Lake City,31 Hanson Road
clombmi@goodreads.com,United States,Texas,El Paso,71 North Drive
pburwellmj@mapy.cz,United States,Massachusetts,Boston,06 Stephen Place
wradnagemk@prlog.org,United States,California,Los Angeles,1 Burning Wood Way
lhousiauxml@ifeng.com,United States,Florida,Hialeah,0 Dayton Terrace
jmintermm@ibm.com,United States,Utah,Salt Lake City,2 Shelley Park
ravramovicmn@smugmug.com,United States,Tennessee,Memphis,35 Coolidge Parkway
gmacelhargemo@rambler.ru,United States,Kentucky,Lexington,228 Derek Trail
acolchettmp@techcrunch.com,United States,Texas,Houston,6304 Scofield Road
xlafrentzmq@nymag.com,United States,Tennessee,Nashville,61394 Blackbird Crossing
uklaggemanmr@mit.edu,United States,Florida,Daytona Beach,230 Tennyson Place
rhillumms@bbb.org,United States,Georgia,Atlanta,6937 Hintze Avenue
blitchmoremt@eepurl.com,United States,New York,New York City,24 Lakewood Road
fdeblasiismu@tamu.edu,United States,Texas,Houston,08434 Utah Drive
igrastyemv@psu.edu,United States,Virginia,Norfolk,6813 Westport Avenue
nwinnardmw@admin.ch,United States,Florida,Melbourne,4882 Redwing Park
yantatmx@alexa.com,United States,District of Columbia,Washington,07 Park Meadow Lane
qlackeymy@sourceforge.net,United States,Georgia,Macon,51 Anhalt Avenue
hmosconemz@nymag.com,United States,Alabama,Birmingham,60067 Hayes Lane
rlashfordn0@fc2.com,United States,Ohio,Cincinnati,7984 Tennyson Hill
btomaszewiczn1@samsung.com,United States,New York,Rochester,9 Killdeer Plaza
ofletchern2@linkedin.com,United States,North Carolina,Raleigh,2749 Fairview Park
rparmitern3@usatoday.com,United States,Minnesota,Saint Paul,55083 Monterey Parkway
cryamn4@gov.uk,United States,New York,Bronx,03839 Hansons Way
pmansionn5@tripod.com,United States,Texas,Houston,9325 4th Center
bharringn6@webmd.com,United States,Virginia,Reston,0 Vernon Circle
ehushn7@linkedin.com,United States,Massachusetts,Brockton,57 Crescent Oaks Hill
btewkesberryn8@npr.org,United States,Massachusetts,Boston,19405 Evergreen Pass
jewann9@cmu.edu,United States,California,Long Beach,31179 Delaware Junction
kgiamittina@ca.gov,United States,Arizona,Peoria,29 Chive Avenue
abelchnb@microsoft.com,United States,Michigan,Flint,80 Summit Alley
eduetschensnc@amazon.co.jp,United States,North Carolina,Raleigh,0142 Manley Center
lmaccaddiend@tiny.cc,United States,New York,Brooklyn,5 Kingsford Place
egreaterexne@chron.com,United States,Indiana,Fort Wayne,07 Schlimgen Crossing
bstanettnf@tumblr.com,United States,Texas,San Antonio,9 Acker Street
cgotecliffeng@cdbaby.com,United States,Mississippi,Columbus,9 Hoepker Circle
tberniernh@e-recht24.de,United States,California,Fresno,03 Forest Run Parkway
bgeereni@webnode.com,United States,California,Carlsbad,67 Valley Edge Pass
nclarridgenj@sun.com,United States,New Mexico,Albuquerque,190 Judy Trail
lealamnk@domainmarket.com,United States,Louisiana,Shreveport,8565 Norway Maple Avenue
jdrovernl@yahoo.com,United States,Michigan,Farmington,02 Granby Pass
cneilannm@jugem.jp,United States,Florida,Jacksonville,993 Eagan Alley
bheavysidenn@wunderground.com,United States,Florida,Jacksonville,17 Arizona Pass
bdriversno@smh.com.au,United States,Connecticut,Stamford,140 Gulseth Terrace
ploggienp@github.io,United States,Arizona,Phoenix,35427 Lien Park
lbrichamnq@toplist.cz,United States,Texas,El Paso,7 Birchwood Hill
gcampbelldunlopnr@va.gov,United States,California,Santa Monica,55 Mockingbird Hill
hmarcroftns@spiegel.de,United States,Virginia,Richmond,0 International Hill
egydent@diigo.com,United States,New York,Syracuse,18 Sutherland Drive
hharriesnu@dmoz.org,United States,Florida,Tampa,611 Carberry Alley
bmaccumiskeynv@geocities.com,United States,Texas,Austin,402 Shasta Junction
vfullernw@newyorker.com,United States,Oregon,Portland,7299 Northport Road
jcallejanx@devhub.com,United States,Florida,Tampa,86 Kensington Center
wcrinkleyny@ovh.net,United States,North Carolina,Winston Salem,76 Carey Parkway
aludyenz@ted.com,United States,Tennessee,Memphis,3 Debs Alley
dhaddletono0@ning.com,United States,Pennsylvania,Philadelphia,9890 Superior Hill
bmeinero1@rambler.ru,United States,Missouri,Saint Louis,65 Johnson Circle
wcottesfordo2@github.com,United States,California,Oxnard,3258 Sycamore Place
droxburcho3@wikimedia.org,United States,Colorado,Denver,60022 Calypso Terrace
egellano4@dailymotion.com,United States,Louisiana,Alexandria,98565 Grasskamp Terrace
mdybello5@github.io,United States,Ohio,Dayton,9 Little Fleur Parkway
rpennicotto6@stanford.edu,United States,District of Columbia,Washington,094 Gateway Avenue
ttremmilo7@hp.com,United States,Texas,Tyler,66475 Dexter Pass
cweldricko8@ted.com,United States,Colorado,Denver,4580 Ohio Circle
asnooko9@auda.org.au,United States,Texas,Dallas,1159 Mayer Way
sbriceoa@opensource.org,United States,Montana,Helena,92061 Longview Park
svigneob@ustream.tv,United States,Florida,Fort Pierce,5 Springview Junction
xaishfordoc@pbs.org,United States,Florida,Jacksonville,6 Judy Parkway
aoubridgeod@merriam-webster.com,United States,Colorado,Aurora,5 Troy Point
tkillingsworthoe@meetup.com,United States,Arkansas,North Little Rock,5502 Ridgeway Terrace
rmacgiollaof@nifty.com,United States,Texas,El Paso,9445 Clarendon Road
kalanbrookeog@sina.com.cn,United States,California,Whittier,8 Mayer Street
gberardtoh@slashdot.org,United States,Minnesota,Young America,13013 Superior Drive
garonovichoi@state.tx.us,United States,New York,Jamaica,90357 Portage Circle
jgyenesoj@last.fm,United States,New York,Syracuse,7821 Mandrake Alley
sgrestyok@tripod.com,United States,Florida,Tampa,73030 Maple Road
mmouattol@chron.com,United States,Washington,Vancouver,13847 Lawn Center
dmccleodom@creativecommons.org,United States,Mississippi,Jackson,0 Cambridge Crossing
jfiddymenton@hexun.com,United States,Wisconsin,Madison,951 Petterle Lane
lwarreoo@dot.gov,United States,California,Burbank,4 Talmadge Terrace
jjosefowiczop@sun.com,United States,Nebraska,Omaha,010 Dwight Trail
mcriselloq@marriott.com,United States,Indiana,Indianapolis,6758 Spaight Park
bhaggeror@umn.edu,United States,Virginia,Fairfax,8 Namekagon Circle
gdombrellos@people.com.cn,United States,Washington,Seattle,6 Paget Place
tpearlmanot@accuweather.com,United States,California,Pasadena,42100 Autumn Leaf Road
dwalakou@arstechnica.com,United States,Texas,El Paso,25 Jay Pass
hpardyov@huffingtonpost.com,United States,Nevada,Las Vegas,650 Sycamore Way
apownallow@jalbum.net,United States,Ohio,Canton,1935 Vermont Center
lrobeyox@digg.com,United States,Texas,San Antonio,4069 Manufacturers Pass
hvidineevoy@google.it,United States,Michigan,Troy,3383 Surrey Point
gravelusoz@surveymonkey.com,United States,Louisiana,Shreveport,13 Bluejay Place
dlangloisp0@tuttocitta.it,United States,Nevada,Las Vegas,0845 Union Court
abethop1@uol.com.br,United States,Massachusetts,Cambridge,1 Sugar Trail
hrawlingsonp2@slashdot.org,United States,Maryland,Silver Spring,28231 Hagan Plaza
cmenatp3@amazon.de,United States,California,Fresno,938 Monica Trail
rexeterp4@msn.com,United States,Maryland,Gaithersburg,26975 Carberry Crossing
sbartelp5@digg.com,United States,California,Stockton,6 Emmet Terrace
hcapelp6@instagram.com,United States,Kentucky,Louisville,5697 Gateway Parkway
gzanellip7@seattletimes.com,United States,North Carolina,Charlotte,46272 Tennessee Parkway
vduxfieldp8@yellowbook.com,United States,New York,Albany,31 Granby Place
lpauluccip9@pen.io,United States,Utah,Sandy,05 High Crossing Trail
dloniepa@xrea.com,United States,California,San Jose,9644 Warner Hill
lwaldockepb@lulu.com,United States,Texas,El Paso,9452 Sugar Junction
asharvillpc@altervista.org,United States,Maryland,Baltimore,0042 Duke Park
ddumsdaypd@g.co,United States,Illinois,Chicago,54 Stang Point
cbrocklesbype@tripod.com,United States,Tennessee,Nashville,1 Susan Trail
tballochpf@woothemes.com,United States,West Virginia,Charleston,53 Meadow Vale Alley
kmillwardpg@freewebs.com,United States,Washington,Vancouver,04 Mockingbird Pass
ewrightonph@simplemachines.org,United States,Arizona,Phoenix,25 Little Fleur Center
cgodehardsfpi@who.int,United States,Alabama,Mobile,028 Manufacturers Parkway
trisleypj@economist.com,United States,Texas,Tyler,26 Center Alley
mrichiepk@nbcnews.com,United States,Pennsylvania,Pittsburgh,2 Merry Road
bboolerpl@com.com,United States,Minnesota,Loretto,73532 5th Plaza
apiatkowpm@samsung.com,United States,Tennessee,Kingsport,20203 Evergreen Crossing
bshermarpn@meetup.com,United States,Massachusetts,Worcester,92 Rigney Junction
hondricekpo@ebay.co.uk,United States,California,Irvine,94561 Old Shore Circle
cdarkinspp@biblegateway.com,United States,Kansas,Wichita,56038 Muir Parkway
lhinchampq@odnoklassniki.ru,United States,Texas,San Antonio,31319 Kings Lane
mbasillpr@godaddy.com,United States,New York,New York City,0 Clarendon Circle
rradloffps@dagondesign.com,United States,Texas,El Paso,252 Jenifer Hill
walltimespt@dyndns.org,United States,Texas,Odessa,371 Arapahoe Plaza
dcastillonpu@narod.ru,United States,Idaho,Idaho Falls,9 Waxwing Court
gmatuschekpv@cbslocal.com,United States,California,Sacramento,108 Susan Center
rglashbypw@reddit.com,United States,Oklahoma,Tulsa,9 Buhler Avenue
nfilipponepx@nbcnews.com,United States,Oklahoma,Oklahoma City,61266 Carioca Lane
smccandlesspy@google.ru,United States,Texas,Corpus Christi,631 Thompson Alley
nwithullpz@ucla.edu,United States,Massachusetts,Boston,509 Lakeland Park
qmallochq0@so-net.ne.jp,United States,Massachusetts,Boston,7 Bluestem Street
emchargq1@drupal.org,United States,South Carolina,Greenville,8692 Thompson Trail
gskirvinq2@cam.ac.uk,United States,Pennsylvania,Levittown,55 Summerview Center
mstuchburyq3@163.com,United States,Florida,Jacksonville,782 Walton Hill
oardlingq4@eepurl.com,United States,Minnesota,Minneapolis,059 Hauk Park
modesonq5@chron.com,United States,Wisconsin,Green Bay,9 Lukken Place
shawseq6@storify.com,United States,Florida,Tampa,1917 Merry Park
yminerdoq7@meetup.com,United States,Arizona,Tucson,19878 Warner Drive
bextanceq8@simplemachines.org,United States,New Jersey,Trenton,5 Morrow Park
nackersq9@amazon.com,United States,Texas,Fort Worth,58 Jay Way
lbrigmanqa@mtv.com,United States,New York,Albany,06 Roth Street
alagneqb@vinaora.com,United States,Alabama,Birmingham,52 Tennyson Circle
gvinaqc@shutterfly.com,United States,North Carolina,Durham,61 American Lane
cmiddleditchqd@mysql.com,United States,Ohio,Dayton,802 Schiller Court
ihoulsonqe@microsoft.com,United States,District of Columbia,Washington,37 Daystar Junction
caprahamianqf@nydailynews.com,United States,Minnesota,Minneapolis,60 Linden Park
fslatorqg@bing.com,United States,Illinois,Evanston,94537 Shasta Place
kcourtliffqh@go.com,United States,Washington,Kent,902 Moland Center
jbentinckqi@berkeley.edu,United States,District of Columbia,Washington,11 Shelley Way
vjonsonqj@sina.com.cn,United States,Illinois,Schaumburg,92 Delaware Alley
calfonzoqk@i2i.jp,United States,Wisconsin,Green Bay,1591 Rockefeller Lane
asparshuttql@dailymotion.com,United States,New York,Albany,6 West Terrace
ebudgettqm@so-net.ne.jp,United States,West Virginia,Huntington,48 Boyd Point
afosserdqn@guardian.co.uk,United States,Texas,Abilene,6 Badeau Hill
sbundockqo@sun.com,United States,Pennsylvania,Harrisburg,291 American Terrace
peasthopeqp@google.co.jp,United States,California,Oakland,1 Division Plaza
afullardqq@cdc.gov,United States,North Carolina,Charlotte,99390 Redwing Pass
jglazyerqr@netscape.com,United States,Tennessee,Memphis,3 Lerdahl Drive
mreddihoughqs@epa.gov,United States,California,Sacramento,2 Anniversary Terrace
oforresterqt@apple.com,United States,Texas,Dallas,18 Elgar Place
akinanequ@newsvine.com,United States,Alabama,Montgomery,773 Service Street
lflackeqv@craigslist.org,United States,Texas,Houston,6 Debra Park
araymenqw@phoca.cz,United States,California,Sacramento,846 Fordem Circle
ohutchesonqx@shop-pro.jp,United States,Nebraska,Omaha,6 Hauk Place
bblewqy@live.com,United States,Texas,Spring,4 Utah Parkway
awharltonqz@delicious.com,United States,New Mexico,Albuquerque,24690 Coolidge Circle
mtennockr0@networksolutions.com,United States,Illinois,Peoria,8716 Anthes Pass
flaundonr1@networkadvertising.org,United States,Washington,Seattle,0078 Eastwood Park
jpimmocker2@opera.com,United States,Texas,Round Rock,4494 Algoma Point
mmccartr3@accuweather.com,United States,Minnesota,Minneapolis,2 Armistice Avenue
pdugganr4@woothemes.com,United States,District of Columbia,Washington,424 Arkansas Place
cgrishaevr5@eepurl.com,United States,Oklahoma,Oklahoma City,3 Green Ridge Terrace
kkellowayr6@cdc.gov,United States,Colorado,Denver,02706 American Ash Place
obiggadiker7@bizjournals.com,United States,Hawaii,Honolulu,26 Vidon Way
lbaggettr8@odnoklassniki.ru,United States,Michigan,Farmington,8065 Hudson Plaza
rbillanyr9@timesonline.co.uk,United States,California,Inglewood,876 Oriole Point
tansillra@thetimes.co.uk,United States,Georgia,Athens,9 Old Shore Alley
mbolderstonerb@creativecommons.org,United States,Maryland,Rockville,12705 Granby Street
mskeemorrc@twitpic.com,United States,Texas,Dallas,9 John Wall Trail
dcutbushrd@yahoo.com,United States,Virginia,Newport News,7017 Grim Crossing
mdanburyre@aol.com,United States,California,Los Angeles,88 Lake View Park
heinchcomberf@businessweek.com,United States,Tennessee,Nashville,345 Eagle Crest Drive
adaensrg@dedecms.com,United States,Colorado,Boulder,58224 Troy Avenue
cstawellrh@wp.com,United States,Nebraska,Omaha,8001 Dwight Center
gchallenerri@studiopress.com,United States,Washington,Spokane,4 Granby Center
sfairleighrj@twitpic.com,United States,South Carolina,Columbia,71 Pennsylvania Crossing
cridesrk@china.com.cn,United States,Arizona,Phoenix,31 Hoard Circle
hreynerl@pen.io,United States,Ohio,Columbus,63990 Rigney Hill
bfelcerm@spotify.com,United States,District of Columbia,Washington,5 Northwestern Trail
kkittlern@abc.net.au,United States,South Carolina,Spartanburg,151 Spohn Crossing
gleyninyero@wikispaces.com,United States,New York,Brooklyn,79 Lighthouse Bay Pass
gilymanovrp@360.cn,United States,Washington,Seattle,7 Melrose Hill
sthurstonrq@woothemes.com,United States,New York,New York City,55 Amoth Street
ptrenowethrr@unblog.fr,United States,Louisiana,Lake Charles,468 Oriole Crossing
